sw_category_Age_cut,1,2,WoE,IV
"(23.935, 37.0]",0.23076923076923078,0.015625,-2.6925460145662448,0.5792857411146128
"(37.0, 50.0]",0.15384615384615385,0.421875,1.0087559595462487,0.2703756958879969
"(50.0, 63.0]",0.09615384615384616,0.21875,0.8219800524029137,0.1007715929628572
"(63.0, 76.0]",0.36538461538461536,0.265625,-0.3188649998884689,0.03180984974848908
"(76.0, 89.0]",0.15384615384615385,0.078125,-0.6776429940239801,0.05131190940325812
