sw_category_Leptin_cut,1,2,WoE,IV
"(4.225, 15.057]",0.3269230769230769,0.375,0.13720112151348496,0.006596207765071391
"(15.057, 25.803]",0.2692307692307692,0.234375,-0.13864649329129303,0.004832630174816702
"(25.803, 36.549]",0.15384615384615385,0.125,-0.2076393647782445,0.005989597060910901
"(36.549, 47.296]",0.11538461538461539,0.125,0.08004270767353636,0.0007696414199378491
"(47.296, 58.042]",0.057692307692307696,0.078125,0.3031862589877461,0.006194911541816926
"(58.042, 68.788]",0.038461538461538464,0.015625,-0.9007865453381898,0.020570846588251934
"(68.788, 79.534]",0.019230769230769232,0.015625,-0.2076393647782445,0.0007486996326138626
"(79.534, 90.28]",0.019230769230769232,0.03125,0.4855078157817008,0.0058354304781454425
