sw_category_Leptin_qcut,1,2,WoE,IV
"(4.31, 8.821]",0.15384615384615385,0.109375,-0.34117075740276714,0.015172257240267292
"(8.821, 12.314]",0.09615384615384616,0.140625,0.38014730012387443,0.016905589068008837
"(12.314, 15.294]",0.1346153846153846,0.125,-0.07410797215372185,0.000712576655324248
"(15.294, 20.271]",0.07692307692307693,0.15625,0.7086513670959106,0.05621513248597367
"(20.271, 26.788]",0.15384615384615385,0.09375,-0.4953214372300254,0.02976691329507365
"(26.788, 37.378]",0.1346153846153846,0.125,-0.07410797215372185,0.000712576655324248
"(37.378, 48.726]",0.11538461538461539,0.125,0.08004270767353636,0.0007696414199378491
"(48.726, 90.28]",0.1346153846153846,0.125,-0.07410797215372185,0.000712576655324248
