sw_category_Age_qcut,1,2,WoE,IV
"(23.999, 44.0]",0.28846153846153844,0.1875,-0.4307829160924542,0.043492505951642
"(44.0, 49.0]",0.07692307692307693,0.25,1.1786549963416462,0.20399798013605414
"(49.0, 65.0]",0.1346153846153846,0.28125,0.736822244062607,0.10804364636494959
"(65.0, 73.0]",0.21153846153846154,0.171875,-0.2076393647782445,0.008235695958752485
"(73.0, 89.0]",0.28846153846153844,0.109375,-0.9697794168251411,0.17367443883046396
